data,label
"Servicios Globales S.A. enfrenta una acción legal presentada por Juan Pérez, quien reclama que los servicios de consultoría técnica contratados no fueron entregados conforme a lo estipulado en el acuerdo, generando importantes pérdidas económicas.",demanda
"En relación con la compraventa del inmueble en Av. Libertador 1234, Carlos Gómez ha iniciado un proceso judicial contra Empresa ABC Ltda., alegando la existencia de vicios ocultos que comprometen el valor de la propiedad adquirida.",demanda
"Pedro Sánchez ha decidido proceder legalmente contra María López, argumentando que las condiciones del departamento arrendado en Calle Falsa 742 no cumplen con los estándares mínimos de habitabilidad, a pesar de haber informado previamente sobre los problemas.",demanda
"Un conflicto laboral surge entre Sofía Martínez y Comercializadora XYZ S.R.L. tras un despido que ella considera injustificado, señalando que no se respetaron las condiciones pactadas en el contrato inicial.",demanda
"Data Solutions S.A. busca reparaciones legales frente a TechSoft Corp., alegando que el software ""Gestión Pro"" carece de las funcionalidades anunciadas, afectando su capacidad operativa y económica.",demanda
"Tras un tratamiento médico fallido, Lucía Fernández ha iniciado acciones legales contra Clínica Salud Integral S.A., alegando negligencia médica que resultó en daños permanentes a su salud.",demanda
"Restaurantes Urbanos S.A. acusa a Burger Planet Inc. de no cumplir con los términos del contrato de franquicia, especialmente en lo referente a la provisión de insumos esenciales para operar en Córdoba.",demanda
"La relación entre Alejandro Ruiz y Marina Torres, socios de AR Servicios Generales S.R.L., se deteriora luego de que ambos acusaran mutuamente la mala administración de los fondos de la sociedad, derivando en una demanda.",demanda
"FabriTextiles Ltda. reporta daños significativos a sus bienes durante el transporte realizado por Logística Integral S.A., motivo por el cual ha llevado el caso a instancias legales.",demanda
"Un acuerdo de donación entre Federico Martínez y Fundación Esperanza se ve frustrado al no cumplirse con la transferencia de fondos prometida, lo que ha motivado una demanda por parte de la fundación.",demanda
"En el marco de un fideicomiso, Laura Gutiérrez alega irregularidades en la gestión de sus bienes por parte del fiduciario, Banco de Córdoba S.A., y busca justicia mediante una acción judicial.",demanda
"Un desacuerdo comercial surge cuando Distribuidora Nova reclama que ElectroMundo S.A. entregó productos que no cumplían con los estándares acordados, generando pérdidas significativas para la distribuidora.",demanda
"Roberto Álvarez acusa a Estudio Jurídico Martínez y Asociados de negligencia profesional, señalando que una mala representación legal le ocasionó un perjuicio económico severo.",demanda
"Soluciones Técnicas S.A. enfrenta una demanda presentada por Edificios Torre Central, que reclama el incumplimiento de los términos acordados para el mantenimiento de los sistemas eléctricos del edificio.",demanda
Digital Solutions Ltd. busca responsabilizar a Global Networks Inc. por el incumplimiento en la ejecución de los proyectos tecnológicos definidos en un acuerdo de colaboración a largo plazo.,demanda
"Industrias del Norte S.A. es señalada por Carlos Torres, quien reclama el pago de comisiones que no le fueron otorgadas pese a su desempeño como representante comercial en Chile.",demanda
"Una disputa sobre derechos de autor lleva a Eduardo Pérez a demandar a Juan López, señalando que la cesión de la obra literaria ""El Arte de Crear"" no se cumplió según lo pactado.",demanda
"CineArte S.A. enfrenta una acción judicial interpuesta por Carlos Navarro, quien alega demoras injustificadas en la entrega del documental acordado en el contrato de producción.",demanda
"Luis Fernández inicia un proceso judicial contra Ana Ruiz tras discrepancias sobre los términos de un acuerdo de permuta de bienes inmuebles que, según él, no se respetaron.",demanda
Obras Viales S.A. y Infraestructura Regional S.R.L. entran en disputa luego de que el subcontratista acusara al contratista principal de no cumplir con los pagos acordados para la pavimentación de un tramo de carretera.,demanda
"Ecomarket S.A. ha iniciado una demanda contra Distribuciones Globales, alegando que los productos suministrados no cumplen con los estándares de calidad establecidos en el contrato de compraventa.",demanda
"José Martínez ha llevado a cabo una acción legal contra Centro Médico SaludPlus, debido a que una operación quirúrgica resultó en complicaciones que no fueron adecuadamente informadas ni tratadas.",demanda
"Un grupo de empleados de Industria Textil ha demandado a la empresa por no cumplir con las condiciones de seguridad laboral acordadas, lo que resultó en varios accidentes de trabajo.",demanda
"Distribuciones Modernas S.A. demanda a Comercializadora S.A., alegando incumplimiento en la entrega de maquinaria que había sido previamente acordada para su planta de producción.",demanda
Inmobiliaria Sierpe ha demandado a Constructora ABC debido a defectos graves en la estructura de varios edificios que fueron entregados por fuera del plazo establecido.,demanda
"María Rodríguez ha interpuesto una demanda contra su arrendador, Carlos Fernández, debido a la falta de mantenimiento de la vivienda que alquilaba, afectando su calidad de vida.",demanda
"Sistemas Avanzados demanda a RedTech S.A., argumentando que el software de gestión adquirido no es compatible con los sistemas previamente instalados en la empresa.",demanda
"Elena Gómez ha iniciado un proceso legal contra Salud Global S.A., alegando que un diagnóstico erróneo de una enfermedad grave le causó daño emocional y físico innecesario.",demanda
Transportes Rápidos S.A. demanda a Logística Universal S.R.L. por la pérdida de mercancías en el traslado de productos esenciales para su operación comercial.,demanda
"José Luis Pérez demandó a Supermercado Central S.A. tras sufrir un accidente en uno de sus pasillos, donde resbaló debido a la falta de señalización de un área mojada.",demanda
"InnovarTech ha presentado una demanda contra Soluciones IT, debido a que el equipo informático adquirido no cumplió con las especificaciones prometidas en el contrato.",demanda
"Comercializadora Quintero S.A. ha demandado a Logística Global S.A. por demoras significativas en la entrega de productos esenciales, lo que afectó las operaciones comerciales de la empresa.",demanda
"Hospital Santa Clara enfrenta una demanda por parte de Luis Pérez, quien alega que la negligencia de los médicos durante su tratamiento de urgencias resultó en una complicación irreversible.",demanda
"AgroProductos S.A. demanda a Fertilizantes del Norte, ya que el fertilizante entregado no cumplió con los niveles de calidad pactados, afectando gravemente la cosecha de los agricultores.",demanda
"Pedro Díaz ha presentado una demanda contra Inmobiliaria Bellavista, argumentando que las condiciones del apartamento que alquiló no eran habitables como se prometió.",demanda
"Consultora Creativa S.A. ha demandado a Diseños Globales debido a que no se cumplió con el plazo de entrega acordado para un proyecto de diseño gráfico, causando pérdidas económicas.",demanda
Fábrica Textil del Sur demanda a Logística Express por un error en el transporte que resultó en daños irreparables a varios lotes de tela importada.,demanda
"Comercial Import S.A. ha iniciado una demanda contra Servicios Logísticos S.A., debido a la entrega incorrecta de productos en mal estado que afectaron la cadena de distribución.",demanda
"Bodega El Paraíso demanda a Proveedores del Valle S.A., debido a que los insumos entregados para la producción vinícola no estaban a la altura de los estándares requeridos para la fabricación de sus productos.",demanda
"Carpintería Soluciones ha presentado una demanda contra Distribuciones de Madera S.A., por entrega de materiales defectuosos que perjudicaron la producción de muebles para una importante cadena de tiendas.",demanda
"Federico Gómez demanda a Electrodomésticos Nacionales por la venta de un televisor defectuoso, que dejó de funcionar dentro del mes de garantía, pese a no haberse utilizado de manera incorrecta.",demanda
"Nutrimed S.A. ha interpuesto una acción legal contra Laboratorios Innovar, debido a la falsificación de productos que fueron etiquetados como suplementos alimenticios de alta calidad, pero no cumplen con las especificaciones.",demanda
"Construcciones del Valle enfrenta una demanda por parte de Marcos Ramírez, quien acusa que la empresa no cumplió con las condiciones de los planos y acabados de su hogar, a pesar de haber pagado por materiales de primera calidad.",demanda
"Estudio Jurídico Martínez & Asociados ha demandado a Consultora Legal Global por plagio de documentación confidencial, lo que ha puesto en riesgo varios casos y clientes de la firma.",demanda
"Ana María Pérez ha iniciado un proceso judicial contra Alquileres Rápidos S.A., alegando que los bienes arrendados se encontraban en condiciones pésimas y que el arrendador no cumplió con las reparaciones acordadas.",demanda
María Fernández demanda a Servicios de Salud Integral S.A. por negligencia en el tratamiento de un embarazo de alto riesgo que terminó en complicaciones graves para ella y su bebé.,demanda
"Comercializadora Internacional ha demandado a Proveedores Unidos por el retraso en la entrega de componentes clave para la fabricación de sus productos, lo que afectó su capacidad de cumplir con los plazos de entrega a sus clientes.",demanda
"Sistemas y Soluciones S.A. ha interpuesto una demanda contra Tecnología Avanzada por incumplir un contrato de mantenimiento preventivo de equipos informáticos, lo que ha provocado pérdidas operativas.",demanda
"Luis González ha iniciado una demanda contra Bicicross S.A., tras sufrir un accidente debido a la mal ensamblada bicicleta que compró, lo que le causó múltiples fracturas.",demanda
"Transporte Rápido S.A. ha presentado una acción legal contra Carga Global S.R.L. por daños a la carga que transportaba, que resultó en la pérdida de productos perecederos de gran valor.",demanda
"Alimentos Sanos S.A. demanda a Distribuidora del Sur por la entrega de productos vencidos, lo que afectó seriamente la reputación de la empresa y provocó retiradas del mercado.",demanda
"Fabrica Del Sol ha demandado a Distribuciones Patagónicas por incumplir los términos de entrega de materias primas para la producción de muebles de madera, afectando los tiempos de fabricación.",demanda
"Carlos López ha presentado una demanda contra Ingeniería de Construcción S.A., debido a que las obras realizadas en su casa presentan grietas y fallas estructurales a poco tiempo de haber sido entregadas.",demanda
"Innovación Digital demanda a Redes Globales S.A., por la pérdida de datos importantes almacenados en los servidores de la empresa debido a la falta de mantenimiento adecuado.",demanda
Muebles y Decoración ha iniciado una demanda contra Distribuidora de Maderas S.A. debido a que las tablas de madera entregadas no cumplían con las especificaciones de tamaño y calidad acordadas.,demanda
"Federico Díaz ha demandado a Comercialización Automotriz S.A. por un defecto de fábrica en un automóvil que adquirió, el cual presentó fallos mecánicos repetidos desde el primer mes.",demanda
"Supermercado La Estrella ha interpuesto una demanda contra Productores Agropecuarios S.A., alegando que los productos orgánicos suministrados no cumplían con las certificaciones de calidad, lo que afectó su imagen ante los clientes.",demanda
"Casa de Reparaciones S.A. ha presentado una demanda contra Tecnología Global S.A., por la entrega de maquinaria defectuosa que impidió la correcta operación de su taller.",demanda
"Salud Total S.A. ha demandado a Sanatorios del Centro, alegando que el tratamiento de rehabilitación que recibieron varios pacientes no fue el adecuado, lo que prolongó su tiempo de recuperación.",demanda
"Soluciones en Robótica S.A. ha interpuesto una demanda contra Electrocomponentes S.A. por la entrega de piezas defectuosas que inutilizaron varios de sus robots industriales, afectando la producción.",demanda
"El cliente, Juan Pérez, y el proveedor, Servicios Globales S.A., convienen en la prestación de servicios de consultoría técnica, según los términos especificados en este documento. Este contrato tendrá una vigencia de 12 meses y podrá ser renovado mediante acuerdo mutuo.",contrato
"El vendedor, Empresa ABC Ltda., y el comprador, Carlos Gómez, acuerdan la compraventa de un inmueble ubicado en Av. Libertador 1234, Ciudad de Buenos Aires. El precio total será de USD 150,000, pagaderos en tres cuotas.",contrato
"El arrendador, María López, y el arrendatario, Pedro Sánchez, acuerdan el arriendo de un departamento ubicado en Calle Falsa 742, por un plazo de 24 meses, con un canon mensual de USD 500.",contrato
"El empleador, Comercializadora XYZ S.R.L., y el empleado, Sofía Martínez, convienen en establecer una relación laboral bajo los términos especificados en este contrato, con una remuneración mensual de USD 1,200.",contrato
"El licenciante, TechSoft Corp., otorga al licenciatario, Data Solutions S.A., una licencia no exclusiva para el uso del software ""Gestión Pro"", bajo las condiciones estipuladas en este documento.",contrato
"El prestador, Clínica Salud Integral S.A., y el paciente, Lucía Fernández, convienen en la prestación de servicios médicos especializados durante un periodo de 6 meses.",contrato
"El franquiciante, Burger Planet Inc., concede al franquiciado, Restaurantes Urbanos S.A., los derechos para operar bajo su marca en la ciudad de Córdoba, Argentina, según las condiciones descritas.",contrato
"Los socios, Alejandro Ruiz y Marina Torres, convienen en la formación de una sociedad limitada bajo el nombre AR Servicios Generales S.R.L., con sede en Mendoza, Argentina.",contrato
"El transportista, Logística Integral S.A., y el cliente, FabriTextiles Ltda., acuerdan el traslado de bienes entre Buenos Aires y Montevideo, en las condiciones aquí establecidas.",contrato
"El donante, Federico Martínez, acuerda donar al beneficiario, Fundación Esperanza, la suma de USD 50,000 para proyectos de educación.",contrato
"El fideicomitente, Laura Gutiérrez, acuerda transferir la propiedad de los bienes descritos en este documento al fiduciario, Banco de Córdoba S.A., en beneficio de sus hijos menores.",contrato
"El proveedor, ElectroMundo S.A., y el cliente, Distribuidora Nova, convienen en el suministro de 500 unidades de electrodomésticos al mes por un período de un año.",contrato
"El abogado, Estudio Jurídico Martínez y Asociados, y el cliente, Roberto Álvarez, convienen en la prestación de servicios legales especializados en derecho comercial.",contrato
"El contratista, Soluciones Técnicas S.A., y el cliente, Edificios Torre Central, acuerdan el mantenimiento integral de los sistemas eléctricosy mecánicos del edificio.",contrato
"Las empresas, Global Networks Inc. y Digital Solutions Ltd., acuerdan colaborar en proyectos tecnológicos durante un periodo inicial de 5 años.",contrato
"El representado, Industrias del Norte S.A., y el representante, Carlos Torres, convienen en la representación comercial de sus productos en el mercado chileno.",contrato
"El cedente, Juan López, cede al cesionario, Eduardo Pérez, los derechos sobre la obra literaria ""El Arte de Crear"", según las condiciones especificadas.",contrato
"La productora, CineArte S.A., y el cliente, Carlos Navarro, acuerdan la producción de un documental bajo las condiciones establecidas.",contrato
"El permutante 1, Ana Ruiz, y el permutante 2, Luis Fernández, acuerdan el intercambio de bienes inmuebles según los términos descritos.",contrato
"El contratista principal, Obras Viales S.A., y el subcontratista, Infraestructura Regional S.R.L., convienen en la subcontratación de la pavimentación de 10 km de carretera.",contrato
"Felipe Rodríguez y Constructora Delta S.A. firman un contrato para la construcción de una vivienda unifamiliar en la localidad de San Fernando. La empresa se compromete a realizar los trabajos en un plazo máximo de seis meses, con un valor total de USD 85,000, y el pago se realizará en tres etapas: al inicio, a mitad de obra y al final, una vez finalizada la construcción.",contrato
"Marta Ramírez, profesora de idiomas, y Academia Lenguas Vivas, institución educativa, acuerdan un contrato por el cual Marta impartirá clases de inglés y francés a un grupo de 20 estudiantes. El contrato tiene una duración de un año, y el salario mensual será de USD 1,000, con pago quincenal.",contrato
"Tecnologías Avanzadas S.A., empresa de software, y Redes y Conexiones Ltda., empresa proveedora de equipos de telecomunicaciones, acuerdan un contrato de suministro y soporte técnico. El acuerdo incluye la entrega de 100 routers de última generación y servicios de mantenimiento por un periodo de 24 meses. El pago se realiza en dos partes: al entregar el equipo y al finalizar la implementación.",contrato
"Alejandro López y Comercializadora Viva S.A. formalizan un contrato de distribución exclusiva para la venta de productos alimenticios en la región de Mendoza. El contrato es por un periodo inicial de tres años, con una cláusula de renovación si ambas partes están satisfechas con los resultados de ventas. El porcentaje de ganancia por unidad será del 15%.",contrato
"Sara Martín y Bienes Raíces del Sur S.A. firman un acuerdo de arrendamiento para un local comercial en el centro de la ciudad. El contrato tiene una duración de cinco años con una renta mensual de USD 1,500, con opción de renovación anual. Además, se incluye una cláusula de incremento del 5% anual en el alquiler.",contrato
Juan Pérez y Frutos de la Tierra S.R.L. acuerdan un contrato de compraventa de 100 toneladas de manzanas para su distribución en mercados internacionales. El pago será dividido en dos partes: un 40% al firmar el contrato y el 60% restante al momento de la entrega en el puerto de destino.,contrato
"Laura Gómez, diseñadora gráfica, y Editorial Prisma, editorial de libros, firman un contrato de colaboración para el diseño de la portada y materiales gráficos para una nueva colección de libros. El acuerdo establece un pago único de USD 2,000 y un porcentaje de las ganancias por la venta de cada ejemplar vendido.",contrato
"Carlos Sánchez y Agroindustrias del Norte S.A. suscriben un acuerdo para la prestación de servicios de consultoría en la mejora de procesos productivos en una planta de procesamiento de alimentos. El contrato es por un periodo de 12 meses, con una tarifa de USD 5,000 mensuales y la opción de extensión si los resultados son satisfactorios.",contrato
"María Pérez, autora, y Editorial Zeta, casa editorial, formalizan un contrato de publicación de su nueva novela. El acuerdo estipula un adelanto de USD 10,000 sobre regalías, y un porcentaje del 12% de las ganancias netas de cada copia vendida. El contrato tendrá una duración inicial de tres años.",contrato
"Daniela Herrera y Transportes Rápidos S.A. firman un contrato de servicio de transporte para la entrega de productos electrónicos entre Buenos Aires y Córdoba. El acuerdo especifica que el transportista será responsable de cualquier daño durante el trayecto, con un precio por viaje de USD 1,200, y pagos mensuales por las entregas realizadas.",contrato
"Eduardo Morales y Startup Innovatech S.A. acuerdan un contrato de inversión por USD 50,000 a cambio de un 10% de participación accionaria en la empresa de tecnología emergente. El contrato incluye un compromiso de exclusividad para futuras rondas de inversión durante los próximos 24 meses.",contrato
"Verónica Castro y Centro de Estética Belleza Suprema formalizan un contrato de prestación de servicios para la realización de tratamientos faciales y corporales en un periodo de 12 meses. El contrato establece un pago mensual de USD 700, con la opción de extender el acuerdo por un año más si se alcanzan las metas de clientes establecidos.",contrato
"Rafael Hernández, consultor de marketing digital, y AgroComercial S.A., empresa agrícola, firman un contrato de asesoría para mejorar la presencia en línea de la empresa. El contrato tiene una duración de seis meses y estipula un pago de USD 4,000 mensuales por los servicios prestados, con la posibilidad de extenderlo por otro semestre si los resultados son satisfactorios.",contrato
"Elena Rodríguez y Limpieza Total S.R.L. firman un acuerdo de prestación de servicios de limpieza para las oficinas de Corporación Global S.A. en un contrato que tiene una duración de un año. El costo mensual de los servicios será de USD 1,000, con la posibilidad de renovar el contrato al finalizar el periodo.",contrato
"Lucas Fernández y Tienda de Deportes ProFit suscriben un contrato de suministro para la entrega de 500 bicicletas deportivas a ser distribuidas en las tiendas de la cadena. El acuerdo estipula que el pago se realizará en tres partes: 30% al inicio, 40% a la mitad de la entrega y 30% al finalizar la entrega completa.",contrato
"Inmobiliaria Norte S.A. y Héctor Mendoza, arrendatario, firman un contrato de alquiler de una propiedad comercial para ser utilizada como tienda de ropa en la ciudad de Rosario. El arrendamiento tiene un valor de USD 1,800 mensuales, con un aumento del 10% anual, y la duración inicial será de tres años.",contrato
Fabrica del Sol S.A. y Distribuciones Áurea firman un acuerdo de distribución de productos solares en la región de Patagonia. El contrato establece un pedido inicial de 100 paneles solares con entrega en el mes siguiente. El pago será realizado en dos cuotas: la primera al firmar el contrato y la segunda al recibir la mercancía.,contrato
"Carlos Díaz, arquitecto, y Construcciones Sol S.A. firman un contrato de colaboración para el diseño y supervisión de la construcción de un edificio de oficinas en la ciudad de La Plata. El pago por los servicios de diseño será de USD 20,000, con la opción de extender el contrato para la supervisión de la obra a razón de USD 3,000 mensuales.",contrato
"Isabel Fernández y Librería Cultura suscriben un contrato de distribución de libros en formato digital. El acuerdo establece que Isabel recibirá un porcentaje del 15% de cada venta digital de sus libros. El contrato tiene una duración de tres años, con opción de renovación si las ventas alcanzan los objetivos establecidos.",contrato
"Salvador Pérez, dueño de un restaurante, y Servicios de Limpieza Rápida S.R.L. firman un acuerdo de prestación de servicios de limpieza post-operación. El contrato incluye la limpieza del restaurante tres veces a la semana por un valor mensual de USD 800, con la posibilidad de añadir más días en caso de necesidad.",contrato
"Juan Pérez firma un acuerdo con Servicios Globales S.A. para recibir consultoría técnica especializada durante los próximos 12 meses, con posibilidad de renovación bajo términos mutuos.",contrato
"Carlos Gómez se compromete con Empresa ABC Ltda. a la compra de una propiedad ubicada en Av. Libertador 1234, Ciudad de Buenos Aires, por un total de USD 150,000, pagaderos en tres plazos.",contrato
"Pedro Sánchez y María López formalizan el arrendamiento de un departamento en Calle Falsa 742, con un contrato de 24 meses y un alquiler mensual de USD 500.",contrato
"Sofía Martínez acuerda con Comercializadora XYZ S.R.L. los términos de su contrato laboral como empleada, con un salario mensual de USD 1,200 durante el periodo estipulado.",contrato
"TechSoft Corp. otorga a Data Solutions S.A. una licencia no exclusiva para el uso del software ""Gestión Pro"" por un periodo determinado, según las condiciones pactadas en este contrato.",contrato
Clínica Salud Integral S.A. y Lucía Fernández formalizan un contrato de prestación de servicios médicos durante un período de seis meses.,contrato
"Burger Planet Inc. y Restaurantes Urbanos S.A. firman un contrato de franquicia para que esta última opere bajo la marca en Córdoba, con los términos establecidos.",contrato
"Alejandro Ruiz y Marina Torres fundan AR Servicios Generales S.R.L., una sociedad limitada con base en Mendoza, bajo las condiciones acordadas.",contrato
"FabriTextiles Ltda. y Logística Integral S.A. acuerdan un contrato de transporte para la distribución de bienes entre Buenos Aires y Montevideo, con los detalles logísticos establecidos.",contrato
"Federico Martínez se compromete a donar USD 50,000 a Fundación Esperanza para la realización de proyectos educativos en comunidades vulnerables.",contrato
"Laura Gutiérrez otorga un fideicomiso en beneficio de sus hijos menores, designando a Banco de Córdoba S.A. como fiduciario para la administración de los bienes.",contrato
Distribuidora Nova y ElectroMundo S.A. firman un contrato de suministro para la entrega mensual de 500 unidades de electrodomésticos durante el próximo año.,contrato
"Estudio Jurídico Martínez & Asociados acuerda la prestación de servicios legales especializados en derecho comercial a Roberto Álvarez, según las condiciones acordadas.",contrato
Edificios Torre Central contrata a Soluciones Técnicas S.A. para el mantenimiento integral de los sistemas eléctricos y mecánicos del edificio durante un plazo determinado.,contrato
"Global Networks Inc. y Digital Solutions Ltd. firman un acuerdo de colaboración para el desarrollo conjunto de proyectos tecnológicos, con un compromiso inicial de 5 años.",contrato
"Carlos Torres es designado representante comercial de Industrias del Norte S.A. para sus productos en el mercado chileno, según las condiciones del contrato.",contrato
"Juan López cede a Eduardo Pérez los derechos exclusivos sobre su obra literaria ""El Arte de Crear"", según los términos establecidos en el acuerdo.",contrato
"CineArte S.A. y Carlos Navarro formalizan un contrato de producción de un documental, con los detalles técnicos y económicos descritos en el acuerdo.",contrato
"Ana Ruiz y Luis Fernández acuerdan un intercambio de bienes inmuebles, detallando las condiciones y valores en un contrato de permuta.",contrato
Obras Viales S.A. subcontrata a Infraestructura Regional S.R.L. para la pavimentación de 10 km de carretera en el marco de un proyecto de infraestructura vial.,contrato
"La innovación tecnológica está llevando a las empresas a reinventar sus modelos de negocio a un ritmo acelerado. La automatización de procesos mediante inteligencia artificial no solo mejora la eficiencia, sino que también abre nuevas oportunidades en áreas como la salud y la educación, transformando radicalmente sectores clave de la economía.",desconocido
"A medida que la temporada avanza, las tácticas de los equipos se vuelven más complejas. Las estrategias de juego se ajustan en tiempo real, dependiendo de la dinámica de cada partido, y la competencia entre jugadores alcanza nuevos niveles. El entrenamiento físico y mental es esencial para enfrentar los desafíos que surgen en cada encuentro.",desconocido
"Cuando el sol se pone, los museos se llenan de personas interesadas en explorar las exhibiciones de arte contemporáneo. La interacción con las obras de los artistas puede evocar pensamientos profundos, mientras que las pinturas y esculturas reflejan las inquietudes de la sociedad moderna y los cambios culturales que definen el presente.",desconocido
"En el ámbito científico, los experimentos y las teorías se suceden a una velocidad impresionante. Con cada nuevo hallazgo, los científicos se enfrentan a preguntas más complejas, pero también se acercan a respuestas que podrían cambiar nuestra comprensión del mundo. La física moderna, en particular, desafía todo lo que creíamos saber sobre la materia.",desconocido
"Cada vez más personas buscan formas innovadoras de aprender, y la educación se está adaptando para satisfacer esas necesidades. Las herramientas digitales están permitiendo a los estudiantes acceder a recursos de aprendizaje en cualquier momento y lugar, lo que está cambiando la forma en que se aborda la enseñanza en todo el mundo.",desconocido
"Durante la filmación de la película, el director se aseguraba de que cada escena fuera perfecta. Los actores y el equipo técnico trabajaban incansablemente, buscando capturar la esencia de cada guion. Al final, el resultado era una obra de arte que transmitía emociones profundas a los espectadores, haciéndoles reflexionar sobre la vida y las relaciones humanas.",desconocido
"El estrés y las preocupaciones diarias afectan nuestra salud de maneras sutiles pero significativas. La práctica de ejercicio regular y la meditación se han convertido en aliados esenciales para aquellos que buscan equilibrar su bienestar físico y emocional. Mantener un estilo de vida saludable requiere compromiso y disciplina, pero los beneficios a largo plazo son invaluables.",desconocido
"La última propuesta del gobierno ha generado opiniones divididas entre los ciudadanos. Mientras algunos la consideran una medida necesaria para el progreso del país, otros temen que los cambios puedan tener repercusiones negativas en los sectores más vulnerables. El debate público sobre las políticas debe ser transparente y considerar todas las perspectivas.",desconocido
"En los últimos meses, la economía global ha mostrado signos de inestabilidad, con fluctuaciones en los mercados y preocupaciones sobre el aumento de la inflación. Los analistas económicos están atentos a las decisiones de los bancos centrales, que juegan un papel crucial en el control de la situación y en la protección del poder adquisitivo de las personas.",desconocido
"Los desastres naturales han dejado huellas profundas en muchas regiones del planeta. La pérdida de biodiversidad debido a la deforestación y los efectos del cambio climático son problemas que requieren una acción urgente. Invertir en la protección del medio ambiente no solo es una responsabilidad moral, sino también una necesidad para garantizar el futuro de las próximas generaciones.",desconocido
"A lo largo de los años, la historia ha estado marcada por momentos decisivos que han dado forma a las naciones. Desde grandes revoluciones hasta pequeños movimientos de cambio social, cada evento ha dejado su huella en el tiempo. La historia nos ofrece lecciones valiosas que pueden ayudar a evitar los mismos errores del pasado.",desconocido
"Las recetas familiares han pasado de generación en generación, transmitiendo no solo conocimientos culinarios, sino también tradiciones y recuerdos. Preparar un plato tradicional no es solo una cuestión de ingredientes, sino de amor y dedicación. Cada bocado cuenta una historia que va más allá de los sabores.",desconocido
"Cuando viajas a un lugar nuevo, las primeras impresiones son cruciales. Cada rincón de la ciudad tiene algo único que ofrecer, desde sus monumentos históricos hasta los pequeños cafés escondidos en calles tranquilas. La experiencia de conocer un nuevo destino va más allá de los puntos turísticos, se trata de sumergirse en su cultura.",desconocido
"La mente humana tiene la capacidad de adaptarse a situaciones cambiantes. A veces, las emociones pueden ser tan intensas que nos resultan difíciles de controlar, pero el autoconocimiento y las técnicas de manejo emocional son herramientas poderosas para comprender mejor nuestras reacciones. Aprender a entendernos a nosotros mismos es un paso clave para el crecimiento personal.",desconocido
"La música tiene un poder único para conectar con las emociones humanas. Cada nota puede evocar un recuerdo, una sensación o una historia personal. Desde las melodías suaves que relajan hasta los ritmos intensos que energizan, la música tiene la capacidad de transformar nuestro estado de ánimo en segundos.",desconocido
"La moda es un reflejo de las tendencias y valores de una sociedad en constante cambio. Lo que antes era considerado extravagante, ahora puede ser un símbolo de estilo y expresión. Las pasarelas internacionales, con sus diseños innovadores, no solo dictan lo que se usará, sino que también marcan una postura ante el mundo.",desconocido
"El mundo filosófico ha tratado durante siglos de entender las preguntas más profundas sobre la existencia humana. ¿Cuál es el propósito de la vida? ¿Qué significa ser realmente libre? Estas son algunas de las interrogantes que los grandes pensadores han explorado, proponiendo teorías que aún hoy siguen influyendo en nuestra manera de pensar.",desconocido
"Cada obra literaria es una ventana a la mente de su autor. Los personajes, los conflictos y los escenarios se entrelazan para contar historias que, aunque ficticias, a menudo reflejan la complejidad de la vida real. Los escritores, a través de sus palabras, nos invitan a reflexionar sobre el mundo que nos rodea.",desconocido
"La exploración espacial ha abierto un abanico de posibilidades para el futuro de la humanidad. Las misiones a Marte y otros planetas podrían ser clave para entender el origen del universo y la posibilidad de vida fuera de la Tierra. Con cada nuevo descubrimiento, el deseo de explorar más allá de nuestro planeta se fortalece.",desconocido
"La sociedad está en constante evolución, y con ella, las normas y valores que nos guían. Lo que una vez fue considerado inaceptable, ahora puede ser parte del discurso público. Estos cambios, aunque a veces provocan resistencia, son parte de un proceso natural de adaptación que permite a la sociedad avanzar y mejorar.",desconocido
"El reciclaje es una práctica esencial para reducir el impacto ambiental de los residuos. A medida que la conciencia sobre el cambio climático crece, más personas adoptan hábitos responsables como separar sus desechos y utilizar materiales reciclables. Esta acción colectiva puede ser crucial para frenar la degradación del planeta.",desconocido
"Las redes sociales han transformado la manera en que nos relacionamos. Ya no es necesario estar cerca físicamente para compartir ideas, emociones o momentos especiales. Sin embargo, su uso excesivo también ha traído consigo preocupaciones sobre la privacidad y la salud mental de los usuarios, especialmente entre los más jóvenes.",desconocido
"En el campo de la tecnología, las computadoras cuánticas representan el futuro. A diferencia de las máquinas tradicionales, estas utilizan principios de la mecánica cuántica para resolver problemas complejos a velocidades impresionantes. Aunque aún se encuentra en fase de desarrollo, esta tecnología podría revolucionar industrias como la medicina y la inteligencia artificial.",desconocido
"La agricultura sostenible está ganando terreno frente a los métodos tradicionales. El uso de técnicas ecológicas y la reducción de productos químicos no solo favorecen el medio ambiente, sino que también promueven la salud de las comunidades. Adoptar estas prácticas podría ser la clave para lograr una producción de alimentos más eficiente y responsable.",desconocido
"El cine ha sido una forma popular de entretenimiento durante más de un siglo. A través de sus historias, los filmes nos permiten viajar a otros mundos y explorar emociones universales. Los avances en efectos especiales y la narrativa visual han transformado la industria, creando experiencias inmersivas que atraen a audiencias de todo el mundo.",desconocido
"La educación en línea ha ganado mucha popularidad en los últimos años, especialmente después de la pandemia. Plataformas como cursos virtuales y universidades a distancia ofrecen a los estudiantes flexibilidad para aprender a su propio ritmo. Sin embargo, también presenta retos como la falta de interacción directa y la desventaja para quienes no tienen acceso a tecnología adecuada.",desconocido
"Los avances en biotecnología están abriendo nuevas posibilidades en el tratamiento de enfermedades. Desde terapias génicas hasta la creación de medicamentos personalizados, la ciencia está avanzando a pasos agigantados. Sin embargo, surgen preguntas éticas sobre el uso de estas tecnologías, especialmente en áreas como la modificación genética.",desconocido
"El diseño de interiores juega un papel importante en cómo nos sentimos dentro de un espacio. Los colores, las texturas y la disposición de los muebles pueden influir en nuestro estado de ánimo y productividad. Ya sea en el hogar o en la oficina, un buen diseño puede mejorar significativamente la calidad de vida de las personas.",desconocido
"La fotografía es una forma de arte que captura momentos efímeros y los convierte en recuerdos permanentes. Cada imagen tiene una historia que contar, desde los paisajes naturales hasta los retratos más íntimos. Los avances en tecnología también han permitido que más personas accedan a cámaras de alta calidad, transformando la fotografía en un pasatiempo accesible.",desconocido
"El minimalismo es una corriente de vida que promueve la simplicidad y el desapego material. Al reducir las posesiones innecesarias, se busca enfocarse en lo esencial, lo que trae mayor claridad y bienestar. Este estilo de vida está ganando adeptos, especialmente entre quienes buscan reducir el estrés y encontrar paz en lo cotidiano.",desconocido
"La cocina es un arte que combina creatividad y técnica. A través de ingredientes y recetas, los cocineros pueden expresar su cultura, sus emociones y su historia. Además, la gastronomía ha evolucionado con nuevas tendencias como la cocina molecular, que fusiona ciencia y arte en cada plato servido.",desconocido
"El espacio digital se está llenando de contenidos audiovisuales, desde videos de entretenimiento hasta documentales educativos. La capacidad de compartir información rápidamente ha dado lugar a una cultura de consumo instantáneo. Aunque esto facilita el acceso a datos, también plantea retos sobre la veracidad de la información y el control del contenido.",desconocido
"La importancia del sueño es fundamental para la salud general del cuerpo humano. Dormir lo suficiente permite que el cuerpo se recupere y se recargue para afrontar un nuevo día. Sin embargo, el ritmo de vida acelerado y la constante exposición a pantallas han alterado los hábitos de sueño de muchas personas.",desconocido
"El deporte es una forma de actividad física que promueve la salud y el bienestar. Ya sea de forma recreativa o competitiva, practicar deportes puede mejorar la condición física, la coordinación y la salud mental. Además, fomenta valores como el trabajo en equipo, la disciplina y el respeto por los demás.",desconocido
"La realidad virtual está cambiando la forma en que experimentamos el entretenimiento y la educación. Al sumergir a los usuarios en entornos digitales interactivos, esta tecnología ofrece experiencias inmersivas que no pueden lograrse con medios tradicionales. Las aplicaciones van desde videojuegos hasta simulaciones médicas y educativas.",desconocido
"Los viajes de aventura están ganando popularidad entre quienes buscan experiencias únicas y emocionantes. Desde el trekking en montañas remotas hasta el buceo en arrecifes de coral, estos viajes ofrecen a los turistas la oportunidad de explorar lugares inexplorados y conectarse con la naturaleza de una manera única.",desconocido
"La música electrónica ha experimentado una gran evolución en las últimas décadas. Con la llegada de nuevos sintetizadores y programas de producción digital, los artistas pueden crear sonidos innovadores que antes parecían imposibles. Este género ha ganado popularidad en festivales y clubes alrededor del mundo, influyendo en la cultura juvenil.",desconocido
"Las redes de telecomunicaciones han hecho posible la globalización. A través de internet, las personas pueden conectarse instantáneamente sin importar su ubicación. Este fenómeno ha transformado la manera en que nos comunicamos, trabajamos y accedemos a información, abriendo un abanico de posibilidades a nivel personal y profesional.",desconocido
"Los parques nacionales son áreas protegidas que preservan la biodiversidad y permiten a las personas disfrutar de la naturaleza en su estado más puro. Estos espacios no solo son importantes para el ecoturismo, sino también para la conservación de especies y la investigación científica. La belleza de estos lugares inspira respeto y admiración por el medio ambiente.",desconocido
"Durante años, las ciudades han sido centros de desarrollo y cultura. Con el paso del tiempo, las urbes han crecido y evolucionado, convirtiéndose en el motor de la economía mundial. Sin embargo, también enfrentan desafíos como la sobrepoblación y la falta de infraestructura adecuada, lo que obliga a replantear el modelo urbano.",desconocido
"La luz brillaba en la ciudad, como si todos los colores del mundo hubieran sido tejidas en un solo hilo de sol. A medida que las sombras crecían, las personas se desvanecían en la multitud, cada una siguiendo su propio destino sin mirarse entre sí.",desconocido
"En el amanecer de la nueva era, los hombres ya no vivían en armonía con la naturaleza. La ciudad, antes un reflejo de la belleza y la tranquilidad, había perdido su esencia, reemplazada por un crecimiento imparable y una prisa constante.",desconocido
"Cuando la magia ya no parecía estar en el aire, los jóvenes aprendices sabían que algo había cambiado. Pero no podían comprender cómo o por qué. Lo único claro era que las estrellas en el cielo ya no eran tan brillantes como solían ser.",desconocido
"Es cierto que muchas veces los días se sienten largos, pero cuando miras atrás, parece que todo ha pasado en un abrir y cerrar de ojos. Quizás el secreto de la vida es apreciar cada momento, sin apresurarse a llegar al siguiente.",desconocido
"La historia de nuestra civilización no es más que una sucesión de pequeñas decisiones. Cada acto, por insignificante que parezca, puede desencadenar una serie de eventos que afectarán a generaciones enteras.",desconocido
"En la sociedad moderna, la velocidad parece ser el objetivo. Pero en realidad, la verdadera libertad se encuentra en la pausa, en el momento de reflexionar y no dejarse arrastrar por el ritmo acelerado del mundo.",desconocido
"Es curioso cómo la vida parece reunirnos con las personas que menos esperábamos, y nos aleja de aquellas con las que pensábamos que siempre estaríamos. El tiempo se encarga de mostrarnos nuevas perspectivas sobre todo lo que creíamos saber.",desconocido
"Los antiguos escribas sabían que la palabra escrita tenía poder. Cada símbolo, cada letra, podía alterar el curso de los acontecimientos. A través de los siglos, los hombres han intentado comprender ese poder, pero solo unos pocos logran dominarlo.",desconocido
"En este mundo tan fragmentado, la conexión humana se convierte en un bien preciado. Vivimos rodeados de tecnología, pero pocas veces nos detenemos a mirar a los ojos de quienes nos rodean y verdaderamente escuchar.",desconocido
"A medida que los vientos del invierno comenzaban a soplar con más fuerza, el pueblo se preparaba para lo peor. Los abuelos contaban historias de tiempos pasados, cuando la nieve caía en grandes montones, cubriendo todo hasta perderse en el horizonte.",desconocido
"La razón por la cual la gente sigue adelante, incluso cuando las circunstancias parecen desfavorables, es porque hay algo dentro de nosotros que siempre cree que lo peor ya ha pasado, y que aún podemos cambiar el rumbo de nuestras vidas.",desconocido
"El amor, a veces, se esconde en los detalles más pequeños. En la manera en que una persona te mira cuando crees que nadie te observa, o en los silencios compartidos que, a pesar de su quietud, dicen más que mil palabras.",desconocido
"Por mucho que la ciencia nos intente explicar el mundo, siempre habrá un rincón de misterio que se resiste a ser desvelado. En cada descubrimiento, surge una nueva pregunta, y eso es lo que mantiene viva nuestra curiosidad.",desconocido
"Cierra los ojos, imagina que estás volando. ¿Qué sentirías? El viento acariciando tu rostro, el mundo extendido ante ti como un tapiz. Eso es lo que sucede cuando dejas de lado las dudas y te atreves a soñar.",desconocido
"El hombre siempre ha mirado las estrellas, buscando respuestas a las grandes preguntas. Pero a veces, las respuestas están mucho más cerca de lo que pensamos: dentro de nosotros mismos, en nuestro corazón y en nuestra mente.",desconocido
"La vida es un constante ciclo de pérdidas y hallazgos. Cuando algo se va, otro algo llega, y en este flujo, aprendemos a valorar lo que tenemos, aunque no siempre lo entendamos en su totalidad.",desconocido
"En aquellos días, el clima parecía tener una naturaleza caprichosa. De un instante a otro, el cielo podría despejarse o nublarse sin previo aviso, recordándonos cuán poco control tenemos sobre las fuerzas de la naturaleza.",desconocido
"La justicia no siempre llega cuando la esperamos, ni de la manera que la imaginamos. Sin embargo, el tiempo tiende a colocar las piezas en su lugar, a menudo con una claridad que no percibimos en el momento.",desconocido
"El arte es la manifestación de lo que el alma no puede expresar con palabras. En cada trazo, en cada nota, en cada fotografía, hay un pedazo del corazón del artista.",desconocido
"Lo importante no es el destino, sino el viaje. Cada paso, cada decisión que tomas, es una oportunidad para aprender y crecer. Al final, lo que realmente importa son las experiencias que acumulamos a lo largo del camino.",desconocido